{"accuracy": [0.9352728128433228, 0.9904502034187317, 0.9910169243812561, 0.9912481904029846, 0.9914398789405823, 0.9916067719459534, 0.99180668592453, 0.9919537305831909, 0.9922758936882019, 0.992442786693573], "loss": [0.17078711092472076, 0.04318217933177948, 0.03983728960156441, 0.03836318850517273, 0.037129148840904236, 0.035470716655254364, 0.03458360582590103, 0.03401511162519455, 0.033740609884262085, 0.0334787480533123], "val_accuracy": [0.9898934364318848, 0.9914299845695496, 0.9911524057388306, 0.9904088973999023, 0.9916778206825256, 0.990929365158081, 0.9916926622390747, 0.9921585917472839, 0.9924609661102295, 0.9924560189247131], "val_loss": [0.04712662473320961, 0.04120101034641266, 0.038947150111198425, 0.03922412917017937, 0.03571890667080879, 0.03637082129716873, 0.034190040081739426, 0.03367912024259567, 0.03325078636407852, 0.03306955844163895]}